<?xml version="1.0" encoding="utf-8"?>
<odoo>

    <!-- Channels -->
    <record id="asterisk_plus_channel_user_rule" model="ir.rule">
        <field name="name">asterisk_plus_channel_user_rule</field>
        <field name="model_id" ref="asterisk_plus.model_asterisk_plus_channel"/>
        <field name="groups" eval="[(6, 0, [ref('group_asterisk_user')])]"/>
        <field name="domain_force">[('user', '=', user.id)]</field>
        <field name="perm_read" eval="1"/>
        <field name="perm_write" eval="1"/>
        <field name="perm_create" eval="1"/>
        <field name="perm_unlink" eval="1"/>
    </record>

    <!-- Recordings -->
    <!-- Rule to not give res.users errors on Contact form -->
    <record id="asterisk_plus_recording_res_user_rule" model="ir.rule">
        <field name="name">asterisk_plus_recording_res_user_rule</field>
        <field name="model_id" ref="asterisk_plus.model_asterisk_plus_recording"/>
        <field name="groups" eval="[(6, 0, [ref('base.group_user')])]"/>
        <field name="domain_force">[('id','=', False)]</field>
        <field name="perm_read" eval="1"/>
        <field name="perm_write" eval="1"/>
        <field name="perm_create" eval="1"/>
        <field name="perm_unlink" eval="1"/>
    </record>
    <record id="asterisk_plus_recording_user_rule" model="ir.rule">
        <field name="name">asterisk_plus_recording_user_rule</field>
        <field name="model_id" ref="asterisk_plus.model_asterisk_plus_recording"/>
        <field name="groups" eval="[(6, 0, [ref('group_asterisk_user')])]"/>
        <field name="domain_force">['|', '|', ('calling_user', '=', user.id), ('answered_user', '=', user.id), ('called_users', '=', user.id)]</field>
        <field name="perm_read" eval="1"/>
        <field name="perm_write" eval="1"/>
        <field name="perm_create" eval="1"/>
        <field name="perm_unlink" eval="1"/>
    </record>

    <!-- Calls -->
    <record id="asterisk_plus_call_user_rule" model="ir.rule">
        <field name="name">asterisk_plus_call_user_rule</field>
        <field name="model_id" ref="asterisk_plus.model_asterisk_plus_call"/>
        <field name="groups" eval="[(6, 0, [ref('group_asterisk_user')])]"/>
        <field name="domain_force">['|','|', ('calling_user', '=', user.id), ('answered_user', '=', user.id), ('called_users', '=', user.id)]</field>
        <field name="perm_read" eval="1"/>
        <field name="perm_write" eval="1"/>
        <field name="perm_create" eval="1"/>
        <field name="perm_unlink" eval="1"/>
    </record>

    <!-- Call Events -->
    <record id="asterisk_plus_call_event_user_rule" model="ir.rule">
        <field name="name">asterisk_plus_call_event_user_rule</field>
        <field name="model_id" ref="asterisk_plus.model_asterisk_plus_call_event"/>
        <field name="groups" eval="[(6, 0, [ref('group_asterisk_user')])]"/>
        <field name="domain_force">['|',('call.calling_user', '=', user.id), ('call.answered_user', '=', user.id)]</field>
        <field name="perm_read" eval="1"/>
        <field name="perm_write" eval="1"/>
        <field name="perm_create" eval="1"/>
        <field name="perm_unlink" eval="1"/>
    </record>    

    <!-- Tags -->
    <record id="asterisk_plus_tag_user_rule" model="ir.rule">
        <field name="name">asterisk_plus_tag_user_rule</field>
        <field name="model_id" ref="model_asterisk_plus_tag"/>
        <field name="groups" eval="[(6, 0, [ref('group_asterisk_user')])]"/>
        <field name="domain_force">[('create_uid','=',user.id)]</field>
        <field name="perm_read" eval="0"/>
        <field name="perm_create" eval="0"/>
        <field name="perm_write" eval="1"/>
        <field name="perm_unlink" eval="1"/>
    </record>

</odoo>