<?xml version="1.0" encoding="UTF-8"?>
<templates xml:space="preserve">

    <t t-name="asterisk_plus.active_calls_popup" owl="1">
        <div t-if="state.isDisplay" class="o_active_calls">
            <t t-if="state.calls.length > 0">
                <div class="o_list_view">
                    <div class="table-responsive">
                        <table class="o_list_table table table-sm table-hover table-striped o_list_table_ungrouped">
                            <thead>
                            <tr>
                                <th>Calling</th>
                                <th>Called</th>
                                <th>Calling User</th>
                                <th>Answered User</th>
                                <th>Partner</th>
                                <th>Direction</th>
                            </tr>
                            </thead>
                            <tbody>
                                <t t-foreach="state.calls" t-as="call" t-key="call.id">
                                    <tr>
                                        <td><t t-esc="call.calling_number"/></td>
                                        <td><t t-esc="call.called_number"/></td>
                                        <td><t t-if="call.calling_user"><t t-esc="call.calling_user[1]"/></t></td>
                                        <td><t t-if="call.answered_user"><t t-esc="call.answered_user[1]"/></t></td>
                                        <td><t t-if="call.partner"><t t-esc="call.partner[1]"/></t></td>
                                        <td><t t-esc="call.direction"/></td>
                                    </tr>
                                </t>
                            </tbody>
                        </table>
                    </div>
                </div>
            </t>
            <t t-else="">
                <div class="no-active-calls text-center o_no_activity">
                    <span>No active calls.</span>
                </div>
            </t>
        </div>
    </t>

</templates>